[{"model": "contenttypes.contenttype", "pk": 1, "fields": {"app_label": "admin", "model": "logentry"}}, {"model": "contenttypes.contenttype", "pk": 2, "fields": {"app_label": "auth", "model": "permission"}}, {"model": "contenttypes.contenttype", "pk": 3, "fields": {"app_label": "auth", "model": "group"}}, {"model": "contenttypes.contenttype", "pk": 4, "fields": {"app_label": "auth", "model": "user"}}, {"model": "contenttypes.contenttype", "pk": 5, "fields": {"app_label": "contenttypes", "model": "contenttype"}}, {"model": "contenttypes.contenttype", "pk": 6, "fields": {"app_label": "sessions", "model": "session"}}, {"model": "contenttypes.contenttype", "pk": 7, "fields": {"app_label": "sites", "model": "site"}}, {"model": "contenttypes.contenttype", "pk": 8, "fields": {"app_label": "account", "model": "emailaddress"}}, {"model": "contenttypes.contenttype", "pk": 9, "fields": {"app_label": "account", "model": "emailconfirmation"}}, {"model": "contenttypes.contenttype", "pk": 10, "fields": {"app_label": "socialaccount", "model": "socialaccount"}}, {"model": "contenttypes.contenttype", "pk": 11, "fields": {"app_label": "socialaccount", "model": "socialapp"}}, {"model": "contenttypes.contenttype", "pk": 12, "fields": {"app_label": "socialaccount", "model": "socialtoken"}}, {"model": "contenttypes.contenttype", "pk": 13, "fields": {"app_label": "menu", "model": "food_category"}}, {"model": "contenttypes.contenttype", "pk": 14, "fields": {"app_label": "menu", "model": "food_item"}}, {"model": "contenttypes.contenttype", "pk": 15, "fields": {"app_label": "menu", "model": "food_combo"}}, {"model": "contenttypes.contenttype", "pk": 16, "fields": {"app_label": "menu", "model": "combo_item"}}, {"model": "contenttypes.contenttype", "pk": 17, "fields": {"app_label": "checkout", "model": "order"}}, {"model": "contenttypes.contenttype", "pk": 18, "fields": {"app_label": "checkout", "model": "orderlineitem"}}, {"model": "sessions.session", "pk": "2l5kh00fihd1ftm4duim49ov8ngavgin", "fields": {"session_data": "ZjcwMDNkZWU4NzA4OGJmOTY3YzQzMzAwNzY5ZWRkNDM4ZmE1YzJlZDp7Il9hdXRoX3VzZXJfaWQiOiIxIiwiX2F1dGhfdXNlcl9iYWNrZW5kIjoiZGphbmdvLmNvbnRyaWIuYXV0aC5iYWNrZW5kcy5Nb2RlbEJhY2tlbmQiLCJfYXV0aF91c2VyX2hhc2giOiI2MjQ2ZGI2OWI5MDYwMjRkMzMwODEyYWQxYzllOWEyYmUyZDIxZjJmIiwiX3Nlc3Npb25fZXhwaXJ5IjowfQ==", "expire_date": "2020-08-12T10:06:04.640Z"}}, {"model": "sessions.session", "pk": "lscjpnt6khlvd6toh1yl1ano642v617v", "fields": {"session_data": "YjRjYTMwMzAzZGRmOTU2NzdlNmE4ODUxNGNhM2Y5ZDZiODc0Mjg0Njp7Il9hdXRoX3VzZXJfaWQiOiIxIiwiX2F1dGhfdXNlcl9iYWNrZW5kIjoiZGphbmdvLmNvbnRyaWIuYXV0aC5iYWNrZW5kcy5Nb2RlbEJhY2tlbmQiLCJfYXV0aF91c2VyX2hhc2giOiI2MjQ2ZGI2OWI5MDYwMjRkMzMwODEyYWQxYzllOWEyYmUyZDIxZjJmIn0=", "expire_date": "2020-08-17T21:20:08.648Z"}}, {"model": "sessions.session", "pk": "qiirmm1mm9epxtamii6clh4sts5wtbzq", "fields": {"session_data": "OTM2MGEyYjVmYWI0Mjk0MjQ1YjA3ODMwZTg3YzU0YmIyOGNkZjBkMzp7ImZvb2Rfb3JkZXIiOnsiMjIiOjF9fQ==", "expire_date": "2020-10-01T15:15:40.555Z"}}, {"model": "sessions.session", "pk": "ss0vz3k0orhqpwvsmxgc8p3fq5rscduy", "fields": {"session_data": "NzRhZTRmMjBmOWI1ZThlZjQ1OGZhMzVhOTE2ZDQ3OGQxZGVlMzM2ZTp7Il9hdXRoX3VzZXJfaWQiOiIxIiwiX2F1dGhfdXNlcl9iYWNrZW5kIjoiZGphbmdvLmNvbnRyaWIuYXV0aC5iYWNrZW5kcy5Nb2RlbEJhY2tlbmQiLCJfYXV0aF91c2VyX2hhc2giOiI2MjQ2ZGI2OWI5MDYwMjRkMzMwODEyYWQxYzllOWEyYmUyZDIxZjJmIiwic2F2ZV9pbmZvIjpmYWxzZSwiZm9vZF9vcmRlciI6eyIxOSI6M319", "expire_date": "2020-10-02T15:01:01.699Z"}}, {"model": "sessions.session", "pk": "wno95hq5e4l2ybd97u4bzseqrm1dp6xn", "fields": {"session_data": "ZGJkZDJiNzM5NDgwZGJjY2I0NGY4OGEwNGU2MTk5NGJkYmFmZjIwNDp7InNhdmVfaW5mbyI6ZmFsc2V9", "expire_date": "2020-10-02T14:23:58.584Z"}}, {"model": "sites.site", "pk": 1, "fields": {"domain": "dbj.example.com", "name": "Dom's Burger Joint"}}, {"model": "menu.food_category", "pk": 1, "fields": {"name": "burgers", "friendly_name": "Burgers"}}, {"model": "menu.food_category", "pk": 2, "fields": {"name": "sides", "friendly_name": "Sides"}}, {"model": "menu.food_category", "pk": 3, "fields": {"name": "drinks", "friendly_name": "Drinks"}}, {"model": "menu.food_category", "pk": 4, "fields": {"name": "dessert", "friendly_name": "Dessert"}}, {"model": "menu.food_category", "pk": 5, "fields": {"name": "vegetarian", "friendly_name": "Vegetarian"}}, {"model": "menu.food_category", "pk": 6, "fields": {"name": "popular", "friendly_name": "Popular"}}, {"model": "menu.food_combo", "pk": 1, "fields": {"name": "Combo Deal 1", "description": "Any Burger, Side and soft drink", "price": "14.99"}}, {"model": "menu.food_combo", "pk": 2, "fields": {"name": "Combo Deal 2", "description": "4 Burgers, 4 Sides & 4 soft drinks", "price": "49.99"}}, {"model": "menu.food_combo", "pk": 3, "fields": {"name": "Combo Deal 3", "description": "Any burger, side, dessert & soft drink", "price": "19.99"}}, {"model": "menu.food_item", "pk": 1, "fields": {"name": "Burger Item 1", "description": "This is a description of item 1", "price": "9.99", "category": 1, "order_quantity": 10, "image": "burger_1.jpg", "food_combos": [1, 2, 3]}}, {"model": "menu.food_item", "pk": 2, "fields": {"name": "Burger Item 2", "description": "This is a description of item 2", "price": "9.99", "category": 1, "order_quantity": 3, "image": "burger_2.jpg", "food_combos": [1, 2, 3]}}, {"model": "menu.food_item", "pk": 3, "fields": {"name": "Burger Item 3", "description": "This is a description of item 3", "price": "9.99", "category": 1, "order_quantity": 4, "image": "burger_3.jpg", "food_combos": [1, 2, 3]}}, {"model": "menu.food_item", "pk": 4, "fields": {"name": "Burger Item 4", "description": "This is a description of item 4", "price": "9.99", "category": 1, "order_quantity": 5, "image": "burger_4.jpg", "food_combos": [1, 2, 3]}}, {"model": "menu.food_item", "pk": 5, "fields": {"name": "Burger Item 5", "description": "This is a description of item 5", "price": "9.99", "category": 1, "order_quantity": 6, "image": "burger_5.jpg", "food_combos": [1, 2, 3]}}, {"model": "menu.food_item", "pk": 6, "fields": {"name": "Burger Item 6", "description": "This is a description of item 6", "price": "9.99", "category": 1, "order_quantity": 1, "image": "burger_6.jpg", "food_combos": [1, 2, 3]}}, {"model": "menu.food_item", "pk": 7, "fields": {"name": "Burger Item 7", "description": "This is a description of item 7", "price": "9.99", "category": 1, "order_quantity": 2, "image": "burger_7.jpg", "food_combos": [1, 2, 3]}}, {"model": "menu.food_item", "pk": 8, "fields": {"name": "Burger Item 8", "description": "This is a description of item 8", "price": "9.99", "category": 1, "order_quantity": 9, "image": "burger_8.jpg", "food_combos": [1, 2, 3]}}, {"model": "menu.food_item", "pk": 9, "fields": {"name": "Burger Item 9", "description": "This is a description of item 9", "price": "9.99", "category": 1, "order_quantity": 0, "image": "burger_9.jpg", "food_combos": [1, 2, 3]}}, {"model": "menu.food_item", "pk": 10, "fields": {"name": "The Beast", "description": "This is a description of item 10", "price": "11.99", "category": 1, "order_quantity": 0, "image": "burger_beast.jpg", "food_combos": [1, 2, 3]}}, {"model": "menu.food_item", "pk": 11, "fields": {"name": "Bunless", "description": "This is a description of item 11", "price": "9.99", "category": 1, "order_quantity": 0, "image": "burger_bunless.jpg", "food_combos": [1, 2, 3]}}, {"model": "menu.food_item", "pk": 12, "fields": {"name": "Burger Deal", "description": "This is a description of item 12", "price": "14.99", "category": 1, "order_quantity": 0, "image": "burger_deal_1.jpg", "food_combos": [2]}}, {"model": "menu.food_item", "pk": 13, "fields": {"name": "Burger & Fries", "description": "This is a description of item 13", "price": "14.99", "category": 1, "order_quantity": 0, "image": "burger_fries_1.jpg", "food_combos": [1, 2, 3]}}, {"model": "menu.food_item", "pk": 14, "fields": {"name": "Burger & Fries 2", "description": "This is a description of item 14", "price": "14.99", "category": 1, "order_quantity": 0, "image": "burger_fries_2.jpg", "food_combos": [1, 2, 3]}}, {"model": "menu.food_item", "pk": 15, "fields": {"name": "Burger & Fries 3", "description": "This is a description of item 15", "price": "14.99", "category": 1, "order_quantity": 0, "image": "burger_fries_3.jpg", "food_combos": [1, 2, 3]}}, {"model": "menu.food_item", "pk": 16, "fields": {"name": "Dessert Apple Pie", "description": "This is a description of item 16", "price": "6.99", "category": 4, "order_quantity": 0, "image": "dessert_applepie.jpg", "food_combos": [3]}}, {"model": "menu.food_item", "pk": 17, "fields": {"name": "Cheesecake", "description": "This is a description of item 17", "price": "6.99", "category": 4, "order_quantity": 0, "image": "dessert_cheesecake.jpg", "food_combos": [3]}}, {"model": "menu.food_item", "pk": 18, "fields": {"name": "Icecream", "description": "This is a description of item 18", "price": "6.99", "category": 4, "order_quantity": 0, "image": "dessert_icecream.jpg", "food_combos": [3]}}, {"model": "menu.food_item", "pk": 19, "fields": {"name": "Beer", "description": "This is a description of item 19", "price": "3.99", "category": 3, "order_quantity": 0, "image": "drink_beer.jpg", "food_combos": []}}, {"model": "menu.food_item", "pk": 20, "fields": {"name": "Cola", "description": "This is a description of item 20", "price": "1.99", "category": 3, "order_quantity": 0, "image": "drink_cola.jpeg", "food_combos": [1, 2, 3]}}, {"model": "menu.food_item", "pk": 21, "fields": {"name": "Lemonade", "description": "This is a description of item 21", "price": "1.99", "category": 3, "order_quantity": 0, "image": "drink_lemonade.jpg", "food_combos": [1, 2, 3]}}, {"model": "menu.food_item", "pk": 22, "fields": {"name": "Cheesey Fries", "description": "This is a description of item 22", "price": "4.99", "category": 2, "order_quantity": 0, "image": "fries_cheesey.jpg", "food_combos": [1, 2, 3]}}, {"model": "menu.food_item", "pk": 23, "fields": {"name": "Chunky Fries", "description": "This is a description of item 23", "price": "4.99", "category": 2, "order_quantity": 0, "image": "fries_chunky.jpg", "food_combos": [1, 2, 3]}}, {"model": "menu.food_item", "pk": 24, "fields": {"name": "Garlic Fries", "description": "This is a description of item 24", "price": "4.99", "category": 2, "order_quantity": 0, "image": "fries_garlic_herb.jpg", "food_combos": [1, 2, 3]}}, {"model": "menu.food_item", "pk": 25, "fields": {"name": "Thin Fries", "description": "This is a description of item 25", "price": "3.99", "category": 2, "order_quantity": 0, "image": "fries_thin.jpg", "food_combos": [1, 2, 3]}}, {"model": "checkout.order", "pk": 1, "fields": {"order_number": "D6A636DB08C14643B4FB2AFE947C0080", "name": "test", "email": "test@test.com", "mobile_number": "7777777777777", "postcode": "ct11 8an", "address_line1": "test", "address_line2": null, "delivery_instructions": null, "date": "2020-09-08T13:10:03.678Z", "delivery_fee": "0.00", "order_total": "0.00", "grand_total": "0.00", "pid": ""}}, {"model": "checkout.order", "pk": 2, "fields": {"order_number": "D2BE32BB114441F693B801BF5744D6A5", "name": "test", "email": "test@test.com", "mobile_number": "7777777777777", "postcode": "ct11 8an", "address_line1": "test", "address_line2": null, "delivery_instructions": null, "date": "2020-09-08T13:12:54.741Z", "delivery_fee": "0.00", "order_total": "0.00", "grand_total": "0.00", "pid": ""}}, {"model": "checkout.order", "pk": 3, "fields": {"order_number": "3C59150B5B1741D886C2797B2CF03F7B", "name": "test2", "email": "test@test.com", "mobile_number": "9999999999999", "postcode": "ct11 8an", "address_line1": "test2", "address_line2": null, "delivery_instructions": null, "date": "2020-09-08T13:42:39.174Z", "delivery_fee": "0.00", "order_total": "0.00", "grand_total": "0.00", "pid": ""}}, {"model": "checkout.order", "pk": 4, "fields": {"order_number": "BA5997F444994B26974C53C1E698A7B1", "name": "test3", "email": "test@test.com", "mobile_number": "8888888888888", "postcode": "ct12 8an", "address_line1": "test", "address_line2": null, "delivery_instructions": null, "date": "2020-09-08T18:31:43.554Z", "delivery_fee": "0.00", "order_total": "0.00", "grand_total": "0.00", "pid": ""}}, {"model": "checkout.order", "pk": 5, "fields": {"order_number": "83F9F2EC9E63440CB8B70D8B91C851E0", "name": "test4", "email": "test@test.com", "mobile_number": "6666666666666", "postcode": "test postcode", "address_line1": "test address", "address_line2": null, "delivery_instructions": null, "date": "2020-09-08T20:32:53.933Z", "delivery_fee": "0.00", "order_total": "0.00", "grand_total": "0.00", "pid": ""}}, {"model": "checkout.order", "pk": 6, "fields": {"order_number": "C416E53321514ED0AF2833BE0B206E7E", "name": "test5", "email": "test@test.com", "mobile_number": "1111111111111", "postcode": "ct119an", "address_line1": "test", "address_line2": null, "delivery_instructions": null, "date": "2020-09-09T13:57:05.576Z", "delivery_fee": "0.00", "order_total": "0.00", "grand_total": "0.00", "pid": ""}}, {"model": "checkout.order", "pk": 7, "fields": {"order_number": "4175C325BCEB46F1A1EDF3D71C4E6C9C", "name": "test5", "email": "test@test.com", "mobile_number": "1111111111111", "postcode": "ct119an", "address_line1": "test", "address_line2": null, "delivery_instructions": null, "date": "2020-09-09T14:01:55.788Z", "delivery_fee": "0.00", "order_total": "0.00", "grand_total": "0.00", "pid": ""}}, {"model": "checkout.order", "pk": 8, "fields": {"order_number": "A418566876AA42CB96A6D51B45349677", "name": "test5", "email": "test@test.com", "mobile_number": "1111111111111", "postcode": "ct119an", "address_line1": "test", "address_line2": null, "delivery_instructions": null, "date": "2020-09-09T14:13:20.368Z", "delivery_fee": "0.00", "order_total": "0.00", "grand_total": "0.00", "pid": ""}}, {"model": "checkout.order", "pk": 9, "fields": {"order_number": "223AD94D7418459AAFEF9800E420E712", "name": "test5", "email": "test@test.com", "mobile_number": "1111111111111", "postcode": "ct119an", "address_line1": "test", "address_line2": null, "delivery_instructions": null, "date": "2020-09-09T14:13:36.986Z", "delivery_fee": "1.99", "order_total": "18.97", "grand_total": "20.96", "pid": ""}}, {"model": "checkout.order", "pk": 10, "fields": {"order_number": "9E8A42089ACC41C1BE76B5E3D3DC5CFE", "name": "fred", "email": "aiu@inuas.com", "mobile_number": "8765678987", "postcode": "h98h3298h", "address_line1": "erfgtyu987yg", "address_line2": null, "delivery_instructions": null, "date": "2020-09-09T15:47:12.779Z", "delivery_fee": "1.99", "order_total": "17.97", "grand_total": "19.96", "pid": ""}}, {"model": "checkout.order", "pk": 11, "fields": {"order_number": "AA065A659EDD4A6E9D21F84D47B3C1E6", "name": "dom", "email": "dominc@generic.com", "mobile_number": "07862139128", "postcode": "G18 9YU", "address_line1": "17 Random Blvd", "address_line2": "Made up city", "delivery_instructions": null, "date": "2020-09-09T17:39:43.037Z", "delivery_fee": "1.99", "order_total": "19.95", "grand_total": "21.94", "pid": ""}}, {"model": "checkout.order", "pk": 12, "fields": {"order_number": "0BBA1734796A44AE87946572EC75D207", "name": "iubaf", "email": "iubasf@apre.com", "mobile_number": "987656789876", "postcode": "uoibouh", "address_line1": "r4giyi8v987", "address_line2": "97gf7ugb", "delivery_instructions": null, "date": "2020-09-09T18:44:42.086Z", "delivery_fee": "1.99", "order_total": "3.98", "grand_total": "5.97", "pid": ""}}, {"model": "checkout.order", "pk": 13, "fields": {"order_number": "B5F8FADFC174442ABF60865535478066", "name": "fred", "email": "aiuf@butface.com", "mobile_number": "8888888888888", "postcode": "CT11 8EN", "address_line1": "98hawe9", "address_line2": null, "delivery_instructions": null, "date": "2020-09-10T14:06:08.995Z", "delivery_fee": "1.99", "order_total": "14.97", "grand_total": "16.96", "pid": ""}}, {"model": "checkout.order", "pk": 14, "fields": {"order_number": "9864094586A44CF5BCE9D86C0B72AFED", "name": "dom", "email": "test@test.com", "mobile_number": "0777777777777", "postcode": "E1W 2UX", "address_line1": "18 Codling Close", "address_line2": "Wapping", "delivery_instructions": null, "date": "2020-09-14T12:38:17.886Z", "delivery_fee": "1.99", "order_total": "20.97", "grand_total": "22.96", "pid": ""}}, {"model": "checkout.order", "pk": 15, "fields": {"order_number": "5C8B48955E394F2F9928F09CB60C32A4", "name": "dom", "email": "domchaple@gmail.com", "mobile_number": "987818346", "postcode": "uyba987", "address_line1": "iubf8", "address_line2": "987", "delivery_instructions": null, "date": "2020-09-15T15:31:12.829Z", "delivery_fee": "1.99", "order_total": "15.95", "grand_total": "17.94", "pid": ""}}, {"model": "checkout.order", "pk": 16, "fields": {"order_number": "34C14A7BAA914E219CF69AFB904456C7", "name": "dennis", "email": "fesifet675@maillei.net", "mobile_number": "0725165398", "postcode": "df11 3an", "address_line1": "made up st 123", "address_line2": "made up city", "delivery_instructions": "wherever", "date": "2020-09-17T15:55:17.815Z", "delivery_fee": "1.99", "order_total": "29.96", "grand_total": "31.95", "pid": "pi_1HSPQQCTb13xJ0zjapHlDViN"}}, {"model": "checkout.order", "pk": 17, "fields": {"order_number": "A34098873EDC493C90E9A648ECEAC6EE", "name": "Tim", "email": "fesifet675@maillei.net", "mobile_number": "07494235798", "postcode": "TE12 3ST", "address_line1": "test address 1", "address_line2": "test address 2", "delivery_instructions": "where ever you want it", "date": "2020-09-18T09:49:04.463Z", "delivery_fee": "1.99", "order_total": "49.95", "grand_total": "51.94", "pid": "pi_1HSgAlCTb13xJ0zjBn0hFdIf"}}, {"model": "checkout.order", "pk": 18, "fields": {"order_number": "A97D585C0C79443EBB27AF2682FA4CF5", "name": "jane", "email": "fesifet675@maillei.net", "mobile_number": "07567876", "postcode": "E1W 2UX", "address_line1": "18 Codling Close", "address_line2": "Wapping", "delivery_instructions": "somewhere warm", "date": "2020-09-18T10:26:00.229Z", "delivery_fee": "1.99", "order_total": "19.98", "grand_total": "21.97", "pid": "pi_1HSgmICTb13xJ0zjVy6rg5vk"}}, {"model": "checkout.order", "pk": 19, "fields": {"order_number": "F65A54D248FD4C988184ABC74654711E", "name": "Jim", "email": "fesifet675@maillei.net", "mobile_number": "0786321457", "postcode": "E1W 2UX", "address_line1": "18 Codling Close", "address_line2": "Wapping", "delivery_instructions": "somewhere warm", "date": "2020-09-18T10:33:13.075Z", "delivery_fee": "1.99", "order_total": "4.99", "grand_total": "6.98", "pid": "pi_1HSgtECTb13xJ0zjny1OCNEB"}}, {"model": "checkout.order", "pk": 20, "fields": {"order_number": "AFDCAE121F354002B0C8F2533FBA09E5", "name": "Test Customer", "email": "test@example.com", "mobile_number": "0871234567", "postcode": "d4", "address_line1": "123 Street", "address_line2": "adadad", "delivery_instructions": null, "date": "2020-09-18T14:23:58.141Z", "delivery_fee": "1.99", "order_total": "18.97", "grand_total": "20.96", "pid": "pi_1HSkUsCTb13xJ0zj8T1Inlc3"}}, {"model": "checkout.orderlineitem", "pk": 2, "fields": {"order": 3, "food_item": 16, "quantity": 1, "lineitem_total": "6.99"}}, {"model": "checkout.orderlineitem", "pk": 3, "fields": {"order": 3, "food_item": 17, "quantity": 1, "lineitem_total": "6.99"}}, {"model": "checkout.orderlineitem", "pk": 5, "fields": {"order": 5, "food_item": 24, "quantity": 1, "lineitem_total": "4.99"}}, {"model": "checkout.orderlineitem", "pk": 6, "fields": {"order": 5, "food_item": 18, "quantity": 1, "lineitem_total": "6.99"}}, {"model": "checkout.orderlineitem", "pk": 7, "fields": {"order": 6, "food_item": 20, "quantity": 1, "lineitem_total": "1.99"}}, {"model": "checkout.orderlineitem", "pk": 8, "fields": {"order": 7, "food_item": 20, "quantity": 1, "lineitem_total": "1.99"}}, {"model": "checkout.orderlineitem", "pk": 9, "fields": {"order": 8, "food_item": 20, "quantity": 1, "lineitem_total": "1.99"}}, {"model": "checkout.orderlineitem", "pk": 10, "fields": {"order": 9, "food_item": 20, "quantity": 1, "lineitem_total": "1.99"}}, {"model": "checkout.orderlineitem", "pk": 11, "fields": {"order": 9, "food_item": 2, "quantity": 1, "lineitem_total": "9.99"}}, {"model": "checkout.orderlineitem", "pk": 12, "fields": {"order": 9, "food_item": 17, "quantity": 1, "lineitem_total": "6.99"}}, {"model": "checkout.orderlineitem", "pk": 13, "fields": {"order": 10, "food_item": 19, "quantity": 2, "lineitem_total": "7.98"}}, {"model": "checkout.orderlineitem", "pk": 14, "fields": {"order": 10, "food_item": 2, "quantity": 1, "lineitem_total": "9.99"}}, {"model": "checkout.orderlineitem", "pk": 15, "fields": {"order": 11, "food_item": 19, "quantity": 5, "lineitem_total": "19.95"}}, {"model": "checkout.orderlineitem", "pk": 16, "fields": {"order": 12, "food_item": 20, "quantity": 2, "lineitem_total": "3.98"}}, {"model": "checkout.orderlineitem", "pk": 17, "fields": {"order": 13, "food_item": 23, "quantity": 3, "lineitem_total": "14.97"}}, {"model": "checkout.orderlineitem", "pk": 18, "fields": {"order": 14, "food_item": 16, "quantity": 1, "lineitem_total": "6.99"}}, {"model": "checkout.orderlineitem", "pk": 19, "fields": {"order": 14, "food_item": 17, "quantity": 2, "lineitem_total": "13.98"}}, {"model": "checkout.orderlineitem", "pk": 20, "fields": {"order": 15, "food_item": 19, "quantity": 3, "lineitem_total": "11.97"}}, {"model": "checkout.orderlineitem", "pk": 21, "fields": {"order": 15, "food_item": 20, "quantity": 2, "lineitem_total": "3.98"}}, {"model": "checkout.orderlineitem", "pk": 22, "fields": {"order": 16, "food_item": 23, "quantity": 1, "lineitem_total": "4.99"}}, {"model": "checkout.orderlineitem", "pk": 23, "fields": {"order": 16, "food_item": 22, "quantity": 1, "lineitem_total": "4.99"}}, {"model": "checkout.orderlineitem", "pk": 24, "fields": {"order": 16, "food_item": 5, "quantity": 1, "lineitem_total": "9.99"}}, {"model": "checkout.orderlineitem", "pk": 25, "fields": {"order": 16, "food_item": 2, "quantity": 1, "lineitem_total": "9.99"}}, {"model": "checkout.orderlineitem", "pk": 26, "fields": {"order": 17, "food_item": 2, "quantity": 5, "lineitem_total": "49.95"}}, {"model": "checkout.orderlineitem", "pk": 27, "fields": {"order": 18, "food_item": 1, "quantity": 2, "lineitem_total": "19.98"}}, {"model": "checkout.orderlineitem", "pk": 28, "fields": {"order": 19, "food_item": 22, "quantity": 1, "lineitem_total": "4.99"}}, {"model": "checkout.orderlineitem", "pk": 29, "fields": {"order": 20, "food_item": 1, "quantity": 1, "lineitem_total": "9.99"}}, {"model": "checkout.orderlineitem", "pk": 30, "fields": {"order": 20, "food_item": 24, "quantity": 1, "lineitem_total": "4.99"}}, {"model": "checkout.orderlineitem", "pk": 31, "fields": {"order": 20, "food_item": 19, "quantity": 1, "lineitem_total": "3.99"}}, {"model": "auth.permission", "pk": 1, "fields": {"name": "Can add log entry", "content_type": 1, "codename": "add_logentry"}}, {"model": "auth.permission", "pk": 2, "fields": {"name": "Can change log entry", "content_type": 1, "codename": "change_logentry"}}, {"model": "auth.permission", "pk": 3, "fields": {"name": "Can delete log entry", "content_type": 1, "codename": "delete_logentry"}}, {"model": "auth.permission", "pk": 4, "fields": {"name": "Can view log entry", "content_type": 1, "codename": "view_logentry"}}, {"model": "auth.permission", "pk": 5, "fields": {"name": "Can add permission", "content_type": 2, "codename": "add_permission"}}, {"model": "auth.permission", "pk": 6, "fields": {"name": "Can change permission", "content_type": 2, "codename": "change_permission"}}, {"model": "auth.permission", "pk": 7, "fields": {"name": "Can delete permission", "content_type": 2, "codename": "delete_permission"}}, {"model": "auth.permission", "pk": 8, "fields": {"name": "Can view permission", "content_type": 2, "codename": "view_permission"}}, {"model": "auth.permission", "pk": 9, "fields": {"name": "Can add group", "content_type": 3, "codename": "add_group"}}, {"model": "auth.permission", "pk": 10, "fields": {"name": "Can change group", "content_type": 3, "codename": "change_group"}}, {"model": "auth.permission", "pk": 11, "fields": {"name": "Can delete group", "content_type": 3, "codename": "delete_group"}}, {"model": "auth.permission", "pk": 12, "fields": {"name": "Can view group", "content_type": 3, "codename": "view_group"}}, {"model": "auth.permission", "pk": 13, "fields": {"name": "Can add user", "content_type": 4, "codename": "add_user"}}, {"model": "auth.permission", "pk": 14, "fields": {"name": "Can change user", "content_type": 4, "codename": "change_user"}}, {"model": "auth.permission", "pk": 15, "fields": {"name": "Can delete user", "content_type": 4, "codename": "delete_user"}}, {"model": "auth.permission", "pk": 16, "fields": {"name": "Can view user", "content_type": 4, "codename": "view_user"}}, {"model": "auth.permission", "pk": 17, "fields": {"name": "Can add content type", "content_type": 5, "codename": "add_contenttype"}}, {"model": "auth.permission", "pk": 18, "fields": {"name": "Can change content type", "content_type": 5, "codename": "change_contenttype"}}, {"model": "auth.permission", "pk": 19, "fields": {"name": "Can delete content type", "content_type": 5, "codename": "delete_contenttype"}}, {"model": "auth.permission", "pk": 20, "fields": {"name": "Can view content type", "content_type": 5, "codename": "view_contenttype"}}, {"model": "auth.permission", "pk": 21, "fields": {"name": "Can add session", "content_type": 6, "codename": "add_session"}}, {"model": "auth.permission", "pk": 22, "fields": {"name": "Can change session", "content_type": 6, "codename": "change_session"}}, {"model": "auth.permission", "pk": 23, "fields": {"name": "Can delete session", "content_type": 6, "codename": "delete_session"}}, {"model": "auth.permission", "pk": 24, "fields": {"name": "Can view session", "content_type": 6, "codename": "view_session"}}, {"model": "auth.permission", "pk": 25, "fields": {"name": "Can add site", "content_type": 7, "codename": "add_site"}}, {"model": "auth.permission", "pk": 26, "fields": {"name": "Can change site", "content_type": 7, "codename": "change_site"}}, {"model": "auth.permission", "pk": 27, "fields": {"name": "Can delete site", "content_type": 7, "codename": "delete_site"}}, {"model": "auth.permission", "pk": 28, "fields": {"name": "Can view site", "content_type": 7, "codename": "view_site"}}, {"model": "auth.permission", "pk": 29, "fields": {"name": "Can add email address", "content_type": 8, "codename": "add_emailaddress"}}, {"model": "auth.permission", "pk": 30, "fields": {"name": "Can change email address", "content_type": 8, "codename": "change_emailaddress"}}, {"model": "auth.permission", "pk": 31, "fields": {"name": "Can delete email address", "content_type": 8, "codename": "delete_emailaddress"}}, {"model": "auth.permission", "pk": 32, "fields": {"name": "Can view email address", "content_type": 8, "codename": "view_emailaddress"}}, {"model": "auth.permission", "pk": 33, "fields": {"name": "Can add email confirmation", "content_type": 9, "codename": "add_emailconfirmation"}}, {"model": "auth.permission", "pk": 34, "fields": {"name": "Can change email confirmation", "content_type": 9, "codename": "change_emailconfirmation"}}, {"model": "auth.permission", "pk": 35, "fields": {"name": "Can delete email confirmation", "content_type": 9, "codename": "delete_emailconfirmation"}}, {"model": "auth.permission", "pk": 36, "fields": {"name": "Can view email confirmation", "content_type": 9, "codename": "view_emailconfirmation"}}, {"model": "auth.permission", "pk": 37, "fields": {"name": "Can add social account", "content_type": 10, "codename": "add_socialaccount"}}, {"model": "auth.permission", "pk": 38, "fields": {"name": "Can change social account", "content_type": 10, "codename": "change_socialaccount"}}, {"model": "auth.permission", "pk": 39, "fields": {"name": "Can delete social account", "content_type": 10, "codename": "delete_socialaccount"}}, {"model": "auth.permission", "pk": 40, "fields": {"name": "Can view social account", "content_type": 10, "codename": "view_socialaccount"}}, {"model": "auth.permission", "pk": 41, "fields": {"name": "Can add social application", "content_type": 11, "codename": "add_socialapp"}}, {"model": "auth.permission", "pk": 42, "fields": {"name": "Can change social application", "content_type": 11, "codename": "change_socialapp"}}, {"model": "auth.permission", "pk": 43, "fields": {"name": "Can delete social application", "content_type": 11, "codename": "delete_socialapp"}}, {"model": "auth.permission", "pk": 44, "fields": {"name": "Can view social application", "content_type": 11, "codename": "view_socialapp"}}, {"model": "auth.permission", "pk": 45, "fields": {"name": "Can add social application token", "content_type": 12, "codename": "add_socialtoken"}}, {"model": "auth.permission", "pk": 46, "fields": {"name": "Can change social application token", "content_type": 12, "codename": "change_socialtoken"}}, {"model": "auth.permission", "pk": 47, "fields": {"name": "Can delete social application token", "content_type": 12, "codename": "delete_socialtoken"}}, {"model": "auth.permission", "pk": 48, "fields": {"name": "Can view social application token", "content_type": 12, "codename": "view_socialtoken"}}, {"model": "auth.permission", "pk": 49, "fields": {"name": "Can add food_ category", "content_type": 13, "codename": "add_food_category"}}, {"model": "auth.permission", "pk": 50, "fields": {"name": "Can change food_ category", "content_type": 13, "codename": "change_food_category"}}, {"model": "auth.permission", "pk": 51, "fields": {"name": "Can delete food_ category", "content_type": 13, "codename": "delete_food_category"}}, {"model": "auth.permission", "pk": 52, "fields": {"name": "Can view food_ category", "content_type": 13, "codename": "view_food_category"}}, {"model": "auth.permission", "pk": 53, "fields": {"name": "Can add food_ item", "content_type": 14, "codename": "add_food_item"}}, {"model": "auth.permission", "pk": 54, "fields": {"name": "Can change food_ item", "content_type": 14, "codename": "change_food_item"}}, {"model": "auth.permission", "pk": 55, "fields": {"name": "Can delete food_ item", "content_type": 14, "codename": "delete_food_item"}}, {"model": "auth.permission", "pk": 56, "fields": {"name": "Can view food_ item", "content_type": 14, "codename": "view_food_item"}}, {"model": "auth.permission", "pk": 57, "fields": {"name": "Can add food_ combo", "content_type": 15, "codename": "add_food_combo"}}, {"model": "auth.permission", "pk": 58, "fields": {"name": "Can change food_ combo", "content_type": 15, "codename": "change_food_combo"}}, {"model": "auth.permission", "pk": 59, "fields": {"name": "Can delete food_ combo", "content_type": 15, "codename": "delete_food_combo"}}, {"model": "auth.permission", "pk": 60, "fields": {"name": "Can view food_ combo", "content_type": 15, "codename": "view_food_combo"}}, {"model": "auth.permission", "pk": 61, "fields": {"name": "Can add order", "content_type": 17, "codename": "add_order"}}, {"model": "auth.permission", "pk": 62, "fields": {"name": "Can change order", "content_type": 17, "codename": "change_order"}}, {"model": "auth.permission", "pk": 63, "fields": {"name": "Can delete order", "content_type": 17, "codename": "delete_order"}}, {"model": "auth.permission", "pk": 64, "fields": {"name": "Can view order", "content_type": 17, "codename": "view_order"}}, {"model": "auth.permission", "pk": 65, "fields": {"name": "Can add order line item", "content_type": 18, "codename": "add_orderlineitem"}}, {"model": "auth.permission", "pk": 66, "fields": {"name": "Can change order line item", "content_type": 18, "codename": "change_orderlineitem"}}, {"model": "auth.permission", "pk": 67, "fields": {"name": "Can delete order line item", "content_type": 18, "codename": "delete_orderlineitem"}}, {"model": "auth.permission", "pk": 68, "fields": {"name": "Can view order line item", "content_type": 18, "codename": "view_orderlineitem"}}, {"model": "auth.user", "pk": 1, "fields": {"password": "pbkdf2_sha256$180000$EErJbrx2uumF$QdiWQdaa0gNqN4meOSAUo3ecdrozPkhmb+bdzEl/0Zc=", "last_login": "2020-09-01T12:15:58.945Z", "is_superuser": true, "username": "domchap90", "first_name": "", "last_name": "", "email": "", "is_staff": true, "is_active": true, "date_joined": "2020-07-29T06:52:50.350Z", "groups": [], "user_permissions": []}}, {"model": "auth.user", "pk": 2, "fields": {"password": "pbkdf2_sha256$180000$k6iUWJDhy4a2$IrhnVPHKGsEHay+Ad5JOAcAg9b2jzJzZJqLy10GuO5A=", "last_login": null, "is_superuser": true, "username": "igor", "first_name": "", "last_name": "", "email": "igor@igor.com", "is_staff": true, "is_active": true, "date_joined": "2020-09-21T08:12:17.117Z", "groups": [], "user_permissions": []}}, {"model": "account.emailaddress", "pk": 1, "fields": {"user": 1, "email": "domchaple@gmail.com", "verified": true, "primary": true}}, {"model": "admin.logentry", "pk": 1, "fields": {"action_time": "2020-07-29T07:25:41.613Z", "user": 1, "content_type": 7, "object_id": "1", "object_repr": "dbj.example.com", "action_flag": 2, "change_message": "[{\"changed\": {\"fields\": [\"Domain name\", \"Display name\"]}}]"}}, {"model": "admin.logentry", "pk": 2, "fields": {"action_time": "2020-07-29T09:56:04.704Z", "user": 1, "content_type": 8, "object_id": "1", "object_repr": "domchaple@gmail.com", "action_flag": 1, "change_message": "[{\"added\": {}}]"}}, {"model": "admin.logentry", "pk": 3, "fields": {"action_time": "2020-08-13T21:52:25.798Z", "user": 1, "content_type": 15, "object_id": "1", "object_repr": "Combo Deal 1", "action_flag": 1, "change_message": "[{\"added\": {}}]"}}, {"model": "admin.logentry", "pk": 4, "fields": {"action_time": "2020-08-13T21:52:59.638Z", "user": 1, "content_type": 15, "object_id": "2", "object_repr": "Combo Deal 2", "action_flag": 1, "change_message": "[{\"added\": {}}]"}}, {"model": "admin.logentry", "pk": 5, "fields": {"action_time": "2020-08-13T21:53:35.909Z", "user": 1, "content_type": 15, "object_id": "3", "object_repr": "Combo Deal 3", "action_flag": 1, "change_message": "[{\"added\": {}}]"}}, {"model": "admin.logentry", "pk": 6, "fields": {"action_time": "2020-08-15T08:15:54.958Z", "user": 1, "content_type": 15, "object_id": "58", "object_repr": "Combo Deal 3", "action_flag": 3, "change_message": ""}}, {"model": "admin.logentry", "pk": 7, "fields": {"action_time": "2020-08-15T08:15:54.981Z", "user": 1, "content_type": 15, "object_id": "57", "object_repr": "Combo Deal 2", "action_flag": 3, "change_message": ""}}, {"model": "admin.logentry", "pk": 8, "fields": {"action_time": "2020-08-15T08:15:55.004Z", "user": 1, "content_type": 15, "object_id": "56", "object_repr": "Combo Deal 1", "action_flag": 3, "change_message": ""}}, {"model": "admin.logentry", "pk": 9, "fields": {"action_time": "2020-08-15T08:15:55.026Z", "user": 1, "content_type": 15, "object_id": "55", "object_repr": "Combo Deal 3", "action_flag": 3, "change_message": ""}}, {"model": "admin.logentry", "pk": 10, "fields": {"action_time": "2020-08-15T08:15:55.047Z", "user": 1, "content_type": 15, "object_id": "54", "object_repr": "Combo Deal 2", "action_flag": 3, "change_message": ""}}, {"model": "admin.logentry", "pk": 11, "fields": {"action_time": "2020-08-15T08:15:55.067Z", "user": 1, "content_type": 15, "object_id": "53", "object_repr": "Combo Deal 1", "action_flag": 3, "change_message": ""}}, {"model": "admin.logentry", "pk": 12, "fields": {"action_time": "2020-08-15T08:15:55.087Z", "user": 1, "content_type": 15, "object_id": "52", "object_repr": "Combo Deal 3", "action_flag": 3, "change_message": ""}}, {"model": "admin.logentry", "pk": 13, "fields": {"action_time": "2020-08-15T08:15:55.110Z", "user": 1, "content_type": 15, "object_id": "51", "object_repr": "Combo Deal 2", "action_flag": 3, "change_message": ""}}, {"model": "admin.logentry", "pk": 14, "fields": {"action_time": "2020-08-15T08:15:55.133Z", "user": 1, "content_type": 15, "object_id": "50", "object_repr": "Combo Deal 1", "action_flag": 3, "change_message": ""}}, {"model": "admin.logentry", "pk": 15, "fields": {"action_time": "2020-08-15T08:15:55.154Z", "user": 1, "content_type": 15, "object_id": "49", "object_repr": "Combo Deal 3", "action_flag": 3, "change_message": ""}}, {"model": "admin.logentry", "pk": 16, "fields": {"action_time": "2020-08-15T08:15:55.175Z", "user": 1, "content_type": 15, "object_id": "48", "object_repr": "Combo Deal 2", "action_flag": 3, "change_message": ""}}, {"model": "admin.logentry", "pk": 17, "fields": {"action_time": "2020-08-15T08:15:55.196Z", "user": 1, "content_type": 15, "object_id": "47", "object_repr": "Combo Deal 1", "action_flag": 3, "change_message": ""}}, {"model": "admin.logentry", "pk": 18, "fields": {"action_time": "2020-08-15T08:15:55.229Z", "user": 1, "content_type": 15, "object_id": "46", "object_repr": "Combo Deal 3", "action_flag": 3, "change_message": ""}}, {"model": "admin.logentry", "pk": 19, "fields": {"action_time": "2020-08-15T08:15:55.250Z", "user": 1, "content_type": 15, "object_id": "45", "object_repr": "Combo Deal 2", "action_flag": 3, "change_message": ""}}, {"model": "admin.logentry", "pk": 20, "fields": {"action_time": "2020-08-15T08:15:55.271Z", "user": 1, "content_type": 15, "object_id": "44", "object_repr": "Combo Deal 1", "action_flag": 3, "change_message": ""}}, {"model": "admin.logentry", "pk": 21, "fields": {"action_time": "2020-08-15T08:15:55.293Z", "user": 1, "content_type": 15, "object_id": "43", "object_repr": "Combo Deal 3", "action_flag": 3, "change_message": ""}}, {"model": "admin.logentry", "pk": 22, "fields": {"action_time": "2020-08-15T08:15:55.313Z", "user": 1, "content_type": 15, "object_id": "42", "object_repr": "Combo Deal 2", "action_flag": 3, "change_message": ""}}, {"model": "admin.logentry", "pk": 23, "fields": {"action_time": "2020-08-15T08:15:55.335Z", "user": 1, "content_type": 15, "object_id": "41", "object_repr": "Combo Deal 1", "action_flag": 3, "change_message": ""}}, {"model": "admin.logentry", "pk": 24, "fields": {"action_time": "2020-08-15T08:15:55.356Z", "user": 1, "content_type": 15, "object_id": "40", "object_repr": "Combo Deal 3", "action_flag": 3, "change_message": ""}}, {"model": "admin.logentry", "pk": 25, "fields": {"action_time": "2020-08-15T08:15:55.375Z", "user": 1, "content_type": 15, "object_id": "39", "object_repr": "Combo Deal 2", "action_flag": 3, "change_message": ""}}, {"model": "admin.logentry", "pk": 26, "fields": {"action_time": "2020-08-15T08:15:55.399Z", "user": 1, "content_type": 15, "object_id": "38", "object_repr": "Combo Deal 1", "action_flag": 3, "change_message": ""}}, {"model": "admin.logentry", "pk": 27, "fields": {"action_time": "2020-08-15T08:15:55.422Z", "user": 1, "content_type": 15, "object_id": "37", "object_repr": "Combo Deal 3", "action_flag": 3, "change_message": ""}}, {"model": "admin.logentry", "pk": 28, "fields": {"action_time": "2020-08-15T08:15:55.443Z", "user": 1, "content_type": 15, "object_id": "36", "object_repr": "Combo Deal 2", "action_flag": 3, "change_message": ""}}, {"model": "admin.logentry", "pk": 29, "fields": {"action_time": "2020-08-15T08:15:55.464Z", "user": 1, "content_type": 15, "object_id": "35", "object_repr": "Combo Deal 1", "action_flag": 3, "change_message": ""}}, {"model": "admin.logentry", "pk": 30, "fields": {"action_time": "2020-08-15T08:15:55.483Z", "user": 1, "content_type": 15, "object_id": "34", "object_repr": "Combo Deal 3", "action_flag": 3, "change_message": ""}}, {"model": "admin.logentry", "pk": 31, "fields": {"action_time": "2020-08-15T08:15:55.505Z", "user": 1, "content_type": 15, "object_id": "33", "object_repr": "Combo Deal 2", "action_flag": 3, "change_message": ""}}, {"model": "admin.logentry", "pk": 32, "fields": {"action_time": "2020-08-15T08:15:55.527Z", "user": 1, "content_type": 15, "object_id": "32", "object_repr": "Combo Deal 1", "action_flag": 3, "change_message": ""}}, {"model": "admin.logentry", "pk": 33, "fields": {"action_time": "2020-08-15T08:15:55.549Z", "user": 1, "content_type": 15, "object_id": "31", "object_repr": "Combo Deal 3", "action_flag": 3, "change_message": ""}}, {"model": "admin.logentry", "pk": 34, "fields": {"action_time": "2020-08-15T08:15:55.569Z", "user": 1, "content_type": 15, "object_id": "30", "object_repr": "Combo Deal 2", "action_flag": 3, "change_message": ""}}, {"model": "admin.logentry", "pk": 35, "fields": {"action_time": "2020-08-15T08:15:55.590Z", "user": 1, "content_type": 15, "object_id": "29", "object_repr": "Combo Deal 1", "action_flag": 3, "change_message": ""}}, {"model": "admin.logentry", "pk": 36, "fields": {"action_time": "2020-08-15T08:15:55.610Z", "user": 1, "content_type": 15, "object_id": "28", "object_repr": "Combo Deal 3", "action_flag": 3, "change_message": ""}}, {"model": "admin.logentry", "pk": 37, "fields": {"action_time": "2020-08-15T08:15:55.639Z", "user": 1, "content_type": 15, "object_id": "27", "object_repr": "Combo Deal 2", "action_flag": 3, "change_message": ""}}, {"model": "admin.logentry", "pk": 38, "fields": {"action_time": "2020-08-15T08:15:55.667Z", "user": 1, "content_type": 15, "object_id": "26", "object_repr": "Combo Deal 1", "action_flag": 3, "change_message": ""}}, {"model": "admin.logentry", "pk": 39, "fields": {"action_time": "2020-08-15T08:15:55.687Z", "user": 1, "content_type": 15, "object_id": "25", "object_repr": "Combo Deal 3", "action_flag": 3, "change_message": ""}}, {"model": "admin.logentry", "pk": 40, "fields": {"action_time": "2020-08-15T08:15:55.718Z", "user": 1, "content_type": 15, "object_id": "24", "object_repr": "Combo Deal 2", "action_flag": 3, "change_message": ""}}, {"model": "admin.logentry", "pk": 41, "fields": {"action_time": "2020-08-15T08:15:55.747Z", "user": 1, "content_type": 15, "object_id": "23", "object_repr": "Combo Deal 1", "action_flag": 3, "change_message": ""}}, {"model": "admin.logentry", "pk": 42, "fields": {"action_time": "2020-08-15T08:15:55.776Z", "user": 1, "content_type": 15, "object_id": "22", "object_repr": "Combo Deal 3", "action_flag": 3, "change_message": ""}}, {"model": "admin.logentry", "pk": 43, "fields": {"action_time": "2020-08-15T08:15:55.806Z", "user": 1, "content_type": 15, "object_id": "21", "object_repr": "Combo Deal 2", "action_flag": 3, "change_message": ""}}, {"model": "admin.logentry", "pk": 44, "fields": {"action_time": "2020-08-15T08:15:55.833Z", "user": 1, "content_type": 15, "object_id": "20", "object_repr": "Combo Deal 1", "action_flag": 3, "change_message": ""}}, {"model": "admin.logentry", "pk": 45, "fields": {"action_time": "2020-08-15T08:15:55.867Z", "user": 1, "content_type": 15, "object_id": "19", "object_repr": "Combo Deal 3", "action_flag": 3, "change_message": ""}}, {"model": "admin.logentry", "pk": 46, "fields": {"action_time": "2020-08-15T08:15:55.902Z", "user": 1, "content_type": 15, "object_id": "18", "object_repr": "Combo Deal 2", "action_flag": 3, "change_message": ""}}, {"model": "admin.logentry", "pk": 47, "fields": {"action_time": "2020-08-15T08:15:55.935Z", "user": 1, "content_type": 15, "object_id": "17", "object_repr": "Combo Deal 1", "action_flag": 3, "change_message": ""}}, {"model": "admin.logentry", "pk": 48, "fields": {"action_time": "2020-08-15T08:15:55.967Z", "user": 1, "content_type": 15, "object_id": "16", "object_repr": "Combo Deal 3", "action_flag": 3, "change_message": ""}}, {"model": "admin.logentry", "pk": 49, "fields": {"action_time": "2020-08-15T08:15:56.003Z", "user": 1, "content_type": 15, "object_id": "15", "object_repr": "Combo Deal 2", "action_flag": 3, "change_message": ""}}, {"model": "admin.logentry", "pk": 50, "fields": {"action_time": "2020-08-15T08:15:56.038Z", "user": 1, "content_type": 15, "object_id": "14", "object_repr": "Combo Deal 1", "action_flag": 3, "change_message": ""}}, {"model": "admin.logentry", "pk": 51, "fields": {"action_time": "2020-08-15T08:15:56.073Z", "user": 1, "content_type": 15, "object_id": "13", "object_repr": "Combo Deal 3", "action_flag": 3, "change_message": ""}}, {"model": "admin.logentry", "pk": 52, "fields": {"action_time": "2020-08-15T08:15:56.104Z", "user": 1, "content_type": 15, "object_id": "12", "object_repr": "Combo Deal 2", "action_flag": 3, "change_message": ""}}, {"model": "admin.logentry", "pk": 53, "fields": {"action_time": "2020-08-15T08:15:56.137Z", "user": 1, "content_type": 15, "object_id": "11", "object_repr": "Combo Deal 1", "action_flag": 3, "change_message": ""}}, {"model": "admin.logentry", "pk": 54, "fields": {"action_time": "2020-08-15T08:15:56.168Z", "user": 1, "content_type": 15, "object_id": "10", "object_repr": "Combo Deal 3", "action_flag": 3, "change_message": ""}}, {"model": "admin.logentry", "pk": 55, "fields": {"action_time": "2020-08-15T08:15:56.200Z", "user": 1, "content_type": 15, "object_id": "9", "object_repr": "Combo Deal 2", "action_flag": 3, "change_message": ""}}, {"model": "admin.logentry", "pk": 56, "fields": {"action_time": "2020-08-15T08:15:56.235Z", "user": 1, "content_type": 15, "object_id": "8", "object_repr": "Combo Deal 1", "action_flag": 3, "change_message": ""}}, {"model": "admin.logentry", "pk": 57, "fields": {"action_time": "2020-08-15T08:15:56.264Z", "user": 1, "content_type": 15, "object_id": "7", "object_repr": "Combo Deal 1", "action_flag": 3, "change_message": ""}}, {"model": "admin.logentry", "pk": 58, "fields": {"action_time": "2020-08-15T08:15:56.291Z", "user": 1, "content_type": 15, "object_id": "6", "object_repr": "Combo Deal 1", "action_flag": 3, "change_message": ""}}, {"model": "admin.logentry", "pk": 59, "fields": {"action_time": "2020-08-15T08:15:56.323Z", "user": 1, "content_type": 15, "object_id": "5", "object_repr": "Combo Deal 1", "action_flag": 3, "change_message": ""}}, {"model": "admin.logentry", "pk": 60, "fields": {"action_time": "2020-08-15T08:15:56.352Z", "user": 1, "content_type": 15, "object_id": "4", "object_repr": "Combo Deal 1", "action_flag": 3, "change_message": ""}}, {"model": "admin.logentry", "pk": 61, "fields": {"action_time": "2020-08-15T08:51:11.063Z", "user": 1, "content_type": 15, "object_id": "82", "object_repr": "Combo Deal 3", "action_flag": 3, "change_message": ""}}, {"model": "admin.logentry", "pk": 62, "fields": {"action_time": "2020-08-15T08:51:11.808Z", "user": 1, "content_type": 15, "object_id": "81", "object_repr": "Combo Deal 2", "action_flag": 3, "change_message": ""}}, {"model": "admin.logentry", "pk": 63, "fields": {"action_time": "2020-08-15T08:51:11.882Z", "user": 1, "content_type": 15, "object_id": "80", "object_repr": "Combo Deal 1", "action_flag": 3, "change_message": ""}}, {"model": "admin.logentry", "pk": 64, "fields": {"action_time": "2020-08-15T08:51:11.912Z", "user": 1, "content_type": 15, "object_id": "79", "object_repr": "Combo Deal 3", "action_flag": 3, "change_message": ""}}, {"model": "admin.logentry", "pk": 65, "fields": {"action_time": "2020-08-15T08:51:11.943Z", "user": 1, "content_type": 15, "object_id": "78", "object_repr": "Combo Deal 2", "action_flag": 3, "change_message": ""}}, {"model": "admin.logentry", "pk": 66, "fields": {"action_time": "2020-08-15T08:51:11.975Z", "user": 1, "content_type": 15, "object_id": "77", "object_repr": "Combo Deal 1", "action_flag": 3, "change_message": ""}}, {"model": "admin.logentry", "pk": 67, "fields": {"action_time": "2020-08-15T08:51:12.007Z", "user": 1, "content_type": 15, "object_id": "76", "object_repr": "Combo Deal 3", "action_flag": 3, "change_message": ""}}, {"model": "admin.logentry", "pk": 68, "fields": {"action_time": "2020-08-15T08:51:12.039Z", "user": 1, "content_type": 15, "object_id": "75", "object_repr": "Combo Deal 2", "action_flag": 3, "change_message": ""}}, {"model": "admin.logentry", "pk": 69, "fields": {"action_time": "2020-08-15T08:51:12.069Z", "user": 1, "content_type": 15, "object_id": "74", "object_repr": "Combo Deal 1", "action_flag": 3, "change_message": ""}}, {"model": "admin.logentry", "pk": 70, "fields": {"action_time": "2020-08-15T08:51:12.113Z", "user": 1, "content_type": 15, "object_id": "73", "object_repr": "Combo Deal 3", "action_flag": 3, "change_message": ""}}, {"model": "admin.logentry", "pk": 71, "fields": {"action_time": "2020-08-15T08:51:12.147Z", "user": 1, "content_type": 15, "object_id": "72", "object_repr": "Combo Deal 2", "action_flag": 3, "change_message": ""}}, {"model": "admin.logentry", "pk": 72, "fields": {"action_time": "2020-08-15T08:51:12.176Z", "user": 1, "content_type": 15, "object_id": "71", "object_repr": "Combo Deal 1", "action_flag": 3, "change_message": ""}}, {"model": "admin.logentry", "pk": 73, "fields": {"action_time": "2020-08-15T08:51:12.204Z", "user": 1, "content_type": 15, "object_id": "70", "object_repr": "Combo Deal 3", "action_flag": 3, "change_message": ""}}, {"model": "admin.logentry", "pk": 74, "fields": {"action_time": "2020-08-15T08:51:12.234Z", "user": 1, "content_type": 15, "object_id": "69", "object_repr": "Combo Deal 2", "action_flag": 3, "change_message": ""}}, {"model": "admin.logentry", "pk": 75, "fields": {"action_time": "2020-08-15T08:51:12.268Z", "user": 1, "content_type": 15, "object_id": "68", "object_repr": "Combo Deal 1", "action_flag": 3, "change_message": ""}}, {"model": "admin.logentry", "pk": 76, "fields": {"action_time": "2020-08-15T08:51:12.302Z", "user": 1, "content_type": 15, "object_id": "67", "object_repr": "Combo Deal 3", "action_flag": 3, "change_message": ""}}, {"model": "admin.logentry", "pk": 77, "fields": {"action_time": "2020-08-15T08:51:12.337Z", "user": 1, "content_type": 15, "object_id": "66", "object_repr": "Combo Deal 2", "action_flag": 3, "change_message": ""}}, {"model": "admin.logentry", "pk": 78, "fields": {"action_time": "2020-08-15T08:51:12.370Z", "user": 1, "content_type": 15, "object_id": "65", "object_repr": "Combo Deal 1", "action_flag": 3, "change_message": ""}}, {"model": "admin.logentry", "pk": 79, "fields": {"action_time": "2020-08-15T08:51:12.401Z", "user": 1, "content_type": 15, "object_id": "64", "object_repr": "Combo Deal 3", "action_flag": 3, "change_message": ""}}, {"model": "admin.logentry", "pk": 80, "fields": {"action_time": "2020-08-15T08:51:12.434Z", "user": 1, "content_type": 15, "object_id": "63", "object_repr": "Combo Deal 2", "action_flag": 3, "change_message": ""}}, {"model": "admin.logentry", "pk": 81, "fields": {"action_time": "2020-08-15T08:51:12.467Z", "user": 1, "content_type": 15, "object_id": "62", "object_repr": "Combo Deal 1", "action_flag": 3, "change_message": ""}}, {"model": "admin.logentry", "pk": 82, "fields": {"action_time": "2020-08-15T08:51:12.500Z", "user": 1, "content_type": 15, "object_id": "61", "object_repr": "Combo Deal 3", "action_flag": 3, "change_message": ""}}, {"model": "admin.logentry", "pk": 83, "fields": {"action_time": "2020-08-15T08:51:12.532Z", "user": 1, "content_type": 15, "object_id": "60", "object_repr": "Combo Deal 2", "action_flag": 3, "change_message": ""}}, {"model": "admin.logentry", "pk": 84, "fields": {"action_time": "2020-08-15T08:51:12.559Z", "user": 1, "content_type": 15, "object_id": "59", "object_repr": "Combo Deal 1", "action_flag": 3, "change_message": ""}}, {"model": "admin.logentry", "pk": 85, "fields": {"action_time": "2020-08-15T09:05:27.809Z", "user": 1, "content_type": 15, "object_id": "91", "object_repr": "Combo Deal 3", "action_flag": 3, "change_message": ""}}, {"model": "admin.logentry", "pk": 86, "fields": {"action_time": "2020-08-15T09:05:27.836Z", "user": 1, "content_type": 15, "object_id": "90", "object_repr": "Combo Deal 2", "action_flag": 3, "change_message": ""}}, {"model": "admin.logentry", "pk": 87, "fields": {"action_time": "2020-08-15T09:05:27.857Z", "user": 1, "content_type": 15, "object_id": "89", "object_repr": "Combo Deal 1", "action_flag": 3, "change_message": ""}}, {"model": "admin.logentry", "pk": 88, "fields": {"action_time": "2020-08-15T09:05:27.878Z", "user": 1, "content_type": 15, "object_id": "88", "object_repr": "Combo Deal 3", "action_flag": 3, "change_message": ""}}, {"model": "admin.logentry", "pk": 89, "fields": {"action_time": "2020-08-15T09:05:27.899Z", "user": 1, "content_type": 15, "object_id": "87", "object_repr": "Combo Deal 2", "action_flag": 3, "change_message": ""}}, {"model": "admin.logentry", "pk": 90, "fields": {"action_time": "2020-08-15T09:05:27.921Z", "user": 1, "content_type": 15, "object_id": "86", "object_repr": "Combo Deal 1", "action_flag": 3, "change_message": ""}}, {"model": "admin.logentry", "pk": 91, "fields": {"action_time": "2020-08-15T09:05:27.943Z", "user": 1, "content_type": 15, "object_id": "85", "object_repr": "Combo Deal 3", "action_flag": 3, "change_message": ""}}, {"model": "admin.logentry", "pk": 92, "fields": {"action_time": "2020-08-15T09:05:27.962Z", "user": 1, "content_type": 15, "object_id": "84", "object_repr": "Combo Deal 2", "action_flag": 3, "change_message": ""}}, {"model": "admin.logentry", "pk": 93, "fields": {"action_time": "2020-08-15T09:05:27.981Z", "user": 1, "content_type": 15, "object_id": "83", "object_repr": "Combo Deal 1", "action_flag": 3, "change_message": ""}}, {"model": "admin.logentry", "pk": 94, "fields": {"action_time": "2020-08-15T09:14:58.179Z", "user": 1, "content_type": 14, "object_id": "26", "object_repr": "test", "action_flag": 1, "change_message": "[{\"added\": {}}]"}}, {"model": "admin.logentry", "pk": 95, "fields": {"action_time": "2020-08-15T09:15:40.561Z", "user": 1, "content_type": 14, "object_id": "26", "object_repr": "test", "action_flag": 3, "change_message": ""}}, {"model": "admin.logentry", "pk": 96, "fields": {"action_time": "2020-08-15T09:17:06.013Z", "user": 1, "content_type": 14, "object_id": "18", "object_repr": "Icecream", "action_flag": 2, "change_message": "[{\"changed\": {\"fields\": [\"Food combos\"]}}]"}}, {"model": "admin.logentry", "pk": 97, "fields": {"action_time": "2020-08-15T09:17:19.713Z", "user": 1, "content_type": 14, "object_id": "18", "object_repr": "Icecream", "action_flag": 2, "change_message": "[]"}}, {"model": "admin.logentry", "pk": 98, "fields": {"action_time": "2020-08-15T09:17:45.813Z", "user": 1, "content_type": 14, "object_id": "17", "object_repr": "Cheesecake", "action_flag": 2, "change_message": "[{\"changed\": {\"fields\": [\"Food combos\"]}}]"}}, {"model": "admin.logentry", "pk": 99, "fields": {"action_time": "2020-08-15T09:17:55.548Z", "user": 1, "content_type": 14, "object_id": "16", "object_repr": "Dessert Apple Pie", "action_flag": 2, "change_message": "[{\"changed\": {\"fields\": [\"Food combos\"]}}]"}}, {"model": "admin.logentry", "pk": 100, "fields": {"action_time": "2020-08-15T09:18:23.605Z", "user": 1, "content_type": 14, "object_id": "15", "object_repr": "Burger & Fries 3", "action_flag": 2, "change_message": "[{\"changed\": {\"fields\": [\"Food combos\"]}}]"}}, {"model": "admin.logentry", "pk": 101, "fields": {"action_time": "2020-08-15T09:18:33.478Z", "user": 1, "content_type": 14, "object_id": "14", "object_repr": "Burger & Fries 2", "action_flag": 2, "change_message": "[{\"changed\": {\"fields\": [\"Food combos\"]}}]"}}, {"model": "admin.logentry", "pk": 102, "fields": {"action_time": "2020-08-15T09:18:42.604Z", "user": 1, "content_type": 14, "object_id": "13", "object_repr": "Burger & Fries", "action_flag": 2, "change_message": "[{\"changed\": {\"fields\": [\"Food combos\"]}}]"}}, {"model": "admin.logentry", "pk": 103, "fields": {"action_time": "2020-08-15T09:18:48.470Z", "user": 1, "content_type": 14, "object_id": "13", "object_repr": "Burger & Fries", "action_flag": 2, "change_message": "[]"}}, {"model": "admin.logentry", "pk": 104, "fields": {"action_time": "2020-08-15T09:19:08.920Z", "user": 1, "content_type": 14, "object_id": "12", "object_repr": "Burger Deal", "action_flag": 2, "change_message": "[{\"changed\": {\"fields\": [\"Food combos\"]}}]"}}, {"model": "admin.logentry", "pk": 105, "fields": {"action_time": "2020-08-15T09:19:27.433Z", "user": 1, "content_type": 14, "object_id": "11", "object_repr": "Bunless", "action_flag": 2, "change_message": "[{\"changed\": {\"fields\": [\"Food combos\"]}}]"}}, {"model": "admin.logentry", "pk": 106, "fields": {"action_time": "2020-08-15T09:19:47.311Z", "user": 1, "content_type": 14, "object_id": "10", "object_repr": "The Beast", "action_flag": 2, "change_message": "[{\"changed\": {\"fields\": [\"Food combos\"]}}]"}}, {"model": "admin.logentry", "pk": 107, "fields": {"action_time": "2020-08-15T09:20:08.170Z", "user": 1, "content_type": 14, "object_id": "9", "object_repr": "Burger Item 9", "action_flag": 2, "change_message": "[{\"changed\": {\"fields\": [\"Food combos\"]}}]"}}, {"model": "admin.logentry", "pk": 108, "fields": {"action_time": "2020-08-15T09:20:19.829Z", "user": 1, "content_type": 14, "object_id": "25", "object_repr": "Thin Fries", "action_flag": 2, "change_message": "[{\"changed\": {\"fields\": [\"Food combos\"]}}]"}}, {"model": "admin.logentry", "pk": 109, "fields": {"action_time": "2020-08-15T09:20:29.003Z", "user": 1, "content_type": 14, "object_id": "24", "object_repr": "Garlic Fries", "action_flag": 2, "change_message": "[{\"changed\": {\"fields\": [\"Food combos\"]}}]"}}, {"model": "admin.logentry", "pk": 110, "fields": {"action_time": "2020-08-15T09:20:40.319Z", "user": 1, "content_type": 14, "object_id": "23", "object_repr": "Chunky Fries", "action_flag": 2, "change_message": "[{\"changed\": {\"fields\": [\"Food combos\"]}}]"}}, {"model": "admin.logentry", "pk": 111, "fields": {"action_time": "2020-08-15T09:20:45.869Z", "user": 1, "content_type": 14, "object_id": "23", "object_repr": "Chunky Fries", "action_flag": 2, "change_message": "[]"}}, {"model": "admin.logentry", "pk": 112, "fields": {"action_time": "2020-08-15T09:20:54.308Z", "user": 1, "content_type": 14, "object_id": "22", "object_repr": "Cheesey Fries", "action_flag": 2, "change_message": "[{\"changed\": {\"fields\": [\"Food combos\"]}}]"}}, {"model": "admin.logentry", "pk": 113, "fields": {"action_time": "2020-08-15T09:21:04.175Z", "user": 1, "content_type": 14, "object_id": "21", "object_repr": "Lemonade", "action_flag": 2, "change_message": "[{\"changed\": {\"fields\": [\"Food combos\"]}}]"}}, {"model": "admin.logentry", "pk": 114, "fields": {"action_time": "2020-08-15T09:21:19.483Z", "user": 1, "content_type": 14, "object_id": "20", "object_repr": "Cola", "action_flag": 2, "change_message": "[{\"changed\": {\"fields\": [\"Food combos\"]}}]"}}, {"model": "admin.logentry", "pk": 115, "fields": {"action_time": "2020-08-15T09:21:34.052Z", "user": 1, "content_type": 14, "object_id": "16", "object_repr": "Dessert Apple Pie", "action_flag": 2, "change_message": "[]"}}, {"model": "admin.logentry", "pk": 116, "fields": {"action_time": "2020-08-15T09:21:44.191Z", "user": 1, "content_type": 14, "object_id": "6", "object_repr": "Burger Item 6", "action_flag": 2, "change_message": "[{\"changed\": {\"fields\": [\"Food combos\"]}}]"}}, {"model": "admin.logentry", "pk": 117, "fields": {"action_time": "2020-08-15T09:21:58.953Z", "user": 1, "content_type": 14, "object_id": "7", "object_repr": "Burger Item 7", "action_flag": 2, "change_message": "[{\"changed\": {\"fields\": [\"Food combos\"]}}]"}}, {"model": "admin.logentry", "pk": 118, "fields": {"action_time": "2020-08-15T09:22:11.095Z", "user": 1, "content_type": 14, "object_id": "2", "object_repr": "Burger Item 2", "action_flag": 2, "change_message": "[{\"changed\": {\"fields\": [\"Food combos\"]}}]"}}, {"model": "admin.logentry", "pk": 119, "fields": {"action_time": "2020-08-15T09:22:20.464Z", "user": 1, "content_type": 14, "object_id": "3", "object_repr": "Burger Item 3", "action_flag": 2, "change_message": "[{\"changed\": {\"fields\": [\"Food combos\"]}}]"}}, {"model": "admin.logentry", "pk": 120, "fields": {"action_time": "2020-08-15T09:22:29.468Z", "user": 1, "content_type": 14, "object_id": "3", "object_repr": "Burger Item 3", "action_flag": 2, "change_message": "[]"}}, {"model": "admin.logentry", "pk": 121, "fields": {"action_time": "2020-08-15T09:22:38.068Z", "user": 1, "content_type": 14, "object_id": "4", "object_repr": "Burger Item 4", "action_flag": 2, "change_message": "[{\"changed\": {\"fields\": [\"Food combos\"]}}]"}}, {"model": "admin.logentry", "pk": 122, "fields": {"action_time": "2020-08-15T09:22:47.550Z", "user": 1, "content_type": 14, "object_id": "5", "object_repr": "Burger Item 5", "action_flag": 2, "change_message": "[{\"changed\": {\"fields\": [\"Food combos\"]}}]"}}, {"model": "admin.logentry", "pk": 123, "fields": {"action_time": "2020-08-15T09:22:56.328Z", "user": 1, "content_type": 14, "object_id": "8", "object_repr": "Burger Item 8", "action_flag": 2, "change_message": "[{\"changed\": {\"fields\": [\"Food combos\"]}}]"}}, {"model": "admin.logentry", "pk": 124, "fields": {"action_time": "2020-08-15T09:23:04.297Z", "user": 1, "content_type": 14, "object_id": "8", "object_repr": "Burger Item 8", "action_flag": 2, "change_message": "[]"}}, {"model": "admin.logentry", "pk": 125, "fields": {"action_time": "2020-08-15T09:23:14.200Z", "user": 1, "content_type": 14, "object_id": "1", "object_repr": "Burger Item 1", "action_flag": 2, "change_message": "[{\"changed\": {\"fields\": [\"Food combos\"]}}]"}}, {"model": "admin.logentry", "pk": 126, "fields": {"action_time": "2020-08-15T09:23:24.332Z", "user": 1, "content_type": 14, "object_id": "8", "object_repr": "Burger Item 8", "action_flag": 2, "change_message": "[]"}}, {"model": "admin.logentry", "pk": 127, "fields": {"action_time": "2020-08-15T09:23:39.208Z", "user": 1, "content_type": 14, "object_id": "12", "object_repr": "Burger Deal", "action_flag": 2, "change_message": "[]"}}, {"model": "admin.logentry", "pk": 128, "fields": {"action_time": "2020-08-15T16:34:35.121Z", "user": 1, "content_type": 14, "object_id": "15", "object_repr": "Burger & Fries 3", "action_flag": 2, "change_message": "[]"}}, {"model": "admin.logentry", "pk": 129, "fields": {"action_time": "2020-09-08T13:37:49.166Z", "user": 1, "content_type": 17, "object_id": "2", "object_repr": "D2BE32BB114441F693B801BF5744D6A5", "action_flag": 2, "change_message": "[{\"deleted\": {\"name\": \"order line item\", \"object\": \"Item Id 1 on order \"}}]"}}, {"model": "admin.logentry", "pk": 130, "fields": {"action_time": "2020-09-08T18:41:31.813Z", "user": 1, "content_type": 17, "object_id": "4", "object_repr": "BA5997F444994B26974C53C1E698A7B1", "action_flag": 2, "change_message": "[{\"deleted\": {\"name\": \"order line item\", \"object\": \"Item Id 19 on order \"}}]"}}]